permissions.role,admin,isVerified,_id._bsontype,_id.id.0,_id.id.1,_id.id.2,_id.id.3,_id.id.4,_id.id.5,_id.id.6,_id.id.7,_id.id.8,_id.id.9,_id.id.10,_id.id.11,name,email
CLIENT,false,false,ObjectID,96,70,56,168,227,174,138,52,72,124,245,52,Rose Stoltenberg,Ruth_Corwin60@gmail.com
CLIENT,false,false,ObjectID,96,70,56,168,227,174,138,52,72,124,245,53,Mrs. Nadine Witting,Geovanny_Grimes@yahoo.com
CLIENT,false,false,ObjectID,96,72,15,222,217,193,152,36,140,48,250,151,Ruby Bashirian,Leslie59@gmail.com
CLIENT,false,false,ObjectID,96,72,15,222,217,193,152,36,140,48,250,152,Jeannette Kovacek V,Christian.Boyer7@hotmail.com
CLIENT,false,false,ObjectID,96,72,15,222,217,193,152,36,140,48,250,153,Howard Feest,Kylee_Greenholt@hotmail.com
CLIENT,false,false,ObjectID,96,72,15,222,217,193,152,36,140,48,250,154,Pat Labadie,Roberta.Feil@hotmail.com
CLIENT,false,false,ObjectID,96,72,15,222,217,193,152,36,140,48,250,155,Miss Darrin Barrows,Alec_Lowe27@gmail.com
CLIENT,false,false,ObjectID,96,72,15,222,217,193,152,36,140,48,250,156,Kerry Purdy,Tillman_Langosh48@gmail.com
CLIENT,false,false,ObjectID,96,72,15,222,217,193,152,36,140,48,250,157,Monica Volkman,Chance.Rogahn@gmail.com
CLIENT,false,false,ObjectID,96,72,15,222,217,193,152,36,140,48,250,158,Mr. Sheri Feil,Agustina56@hotmail.com
CLIENT,false,false,ObjectID,96,72,15,222,217,193,152,36,140,48,250,159,Terri Cronin,Trevor.Kessler@yahoo.com
CLIENT,false,false,ObjectID,96,72,15,222,217,193,152,36,140,48,250,160,Malcolm Pacocha,Jaunita.Leannon68@gmail.com
CLIENT,false,false,ObjectID,96,72,15,222,217,193,152,36,140,48,250,161,Vicky Zemlak,Lori.Weissnat@hotmail.com
CLIENT,false,false,ObjectID,96,72,15,222,217,193,152,36,140,48,250,162,Ms. Darlene Fay,Ethan_Sauer@hotmail.com
CLIENT,false,false,ObjectID,96,72,15,222,217,193,152,36,140,48,250,163,Mr. Joyce Funk,Mylene.Kiehn2@hotmail.com
CLIENT,false,false,ObjectID,96,72,15,222,217,193,152,36,140,48,250,164,Charlotte Schmitt,Niko.Bailey17@gmail.com
CLIENT,false,false,ObjectID,96,72,15,222,217,193,152,36,140,48,250,165,Edna Keeling,Margaret_Mante10@gmail.com
CLIENT,false,false,ObjectID,96,72,15,240,48,28,54,47,36,192,110,251,Miranda Wintheiser,Bernita77@hotmail.com
CLIENT,false,false,ObjectID,96,72,15,240,48,28,54,47,36,192,110,252,Mr. Ed Goodwin,Ines.Buckridge39@gmail.com